{"boards":[{"id":4,"description":"Chores manager for Simpson family","name":"Simpson Family Chores","open":true,"lists":[{"id":8,"board_id":4,"open":true,"position":1,"title":"In Progress","cards":[{"id":2,"comments_count":0,"description":null,"due_date":null,"list_id":8,"open":true,"position":5,"title":"mow the lawn","assignee":{"id":4,"bio":"Homer Simpson","email":"homer@sent.as","full_name":"Homer","gravatar_url":"http://www.gravatar.com/avatar/441f7f6214e482f9c0b6caef9439654b?s=32"}},{"id":3,"comments_count":0,"description":null,"due_date":null,"list_id":8,"open":true,"position":6,"title":"drink beer and watch tv","assignee":{"id":4,"bio":"Homer Simpson","email":"homer@sent.as","full_name":"Homer","gravatar_url":"http://www.gravatar.com/avatar/441f7f6214e482f9c0b6caef9439654b?s=32"}}]},{"id":7,"board_id":4,"open":true,"position":2,"title":"Chore List","cards":[{"id":5,"comments_count":1,"description":null,"due_date":null,"list_id":7,"open":true,"position":1,"title":"animal rights rally","assignee":{"id":7,"bio":"Lisa Simpson","email":"lisa2@sent.as","full_name":"Lisa","gravatar_url":"http://www.gravatar.com/avatar/cf7b52bdf28b2b8abdcf4da2bc532d96?s=32"}},{"id":1,"comments_count":1,"description":null,"due_date":null,"list_id":7,"open":true,"position":2,"title":"saxophone practice","assignee":{"id":4,"bio":"Homer Simpson","email":"homer@sent.as","full_name":"Homer","gravatar_url":"http://www.gravatar.com/avatar/441f7f6214e482f9c0b6caef9439654b?s=32"}},{"id":4,"comments_count":1,"description":null,"due_date":null,"list_id":7,"open":true,"position":3,"title":"take out the trash","assignee":{"id":4,"bio":"Homer Simpson","email":"homer@sent.as","full_name":"Homer","gravatar_url":"http://www.gravatar.com/avatar/441f7f6214e482f9c0b6caef9439654b?s=32"}},{"id":6,"comments_count":1,"description":null,"due_date":null,"list_id":7,"open":true,"position":4,"title":"write itchy \u0026 scratchy complaint letter","assignee":{"id":5,"bio":"Marge Simpson","email":"marge@sent.as","full_name":"Marge","gravatar_url":"http://www.gravatar.com/avatar/797471735ad1ba0817151402b29f9b7c?s=32"}}]},{"id":9,"board_id":4,"open":true,"position":3,"title":"Finished","cards":[{"id":7,"comments_count":0,"description":null,"due_date":null,"list_id":9,"open":true,"position":11,"title":"do not have a cow","assignee":{"id":6,"bio":"Bart Simpson","email":"bart@sent.as","full_name":"Bart","gravatar_url":"http://www.gravatar.com/avatar/520ce5f250fc74d8f1519c44bd1983ee?s=32"}},{"id":8,"comments_count":2,"description":null,"due_date":null,"list_id":9,"open":true,"position":12,"title":"make pancakes!","assignee":{"id":5,"bio":"Marge Simpson","email":"marge@sent.as","full_name":"Marge","gravatar_url":"http://www.gravatar.com/avatar/797471735ad1ba0817151402b29f9b7c?s=32"}},{"id":9,"comments_count":1,"description":null,"due_date":null,"list_id":9,"open":true,"position":13,"title":"shoot mr. burns","assignee":{"id":8,"bio":"Maggie Simpson","email":"maggie@sent.as","full_name":"Maggie","gravatar_url":"http://www.gravatar.com/avatar/0e8b413c018f429d225f7264bc12de64?s=32"}},{"id":14,"comments_count":1,"description":null,"due_date":null,"list_id":9,"open":true,"position":14,"title":"new card","assignee":null}]},{"id":10,"board_id":4,"open":true,"position":10,"title":"new list","cards":[{"id":15,"comments_count":0,"description":null,"due_date":null,"list_id":10,"open":true,"position":15,"title":"new card","assignee":null}]}]}]}